-- phpMyAdmin SQL Dump
-- version 5.2.1
-- https://www.phpmyadmin.net/
--
-- Host: 127.0.0.1
-- Generation Time: May 25, 2023 at 06:33 PM
-- Server version: 10.4.28-MariaDB
-- PHP Version: 8.2.4

SET SQL_MODE = "NO_AUTO_VALUE_ON_ZERO";
START TRANSACTION;
SET time_zone = "+00:00";


/*!40101 SET @OLD_CHARACTER_SET_CLIENT=@@CHARACTER_SET_CLIENT */;
/*!40101 SET @OLD_CHARACTER_SET_RESULTS=@@CHARACTER_SET_RESULTS */;
/*!40101 SET @OLD_COLLATION_CONNECTION=@@COLLATION_CONNECTION */;
/*!40101 SET NAMES utf8mb4 */;

--
-- Database: `online_shopping`
--

-- --------------------------------------------------------

--
-- Table structure for table `category`
--

CREATE TABLE `category` (
  `Cat_ID` varchar(10) NOT NULL,
  `Cat_Name` varchar(30) NOT NULL,
  `Cat_Des` varchar(1000) DEFAULT NULL
) ENGINE=InnoDB DEFAULT CHARSET=utf8 COLLATE=utf8_general_ci;

--
-- Dumping data for table `category`
--

INSERT INTO `category` (`Cat_ID`, `Cat_Name`, `Cat_Des`) VALUES
('AIRCOOLING', 'AIRCOOLING', 'Air cooling is a process of lowering air temperature by dissipating heat'),
('CASE', 'CASE', 'The outer shell of a computer'),
('CPU', 'CPU', 'Central Processing Unit'),
('FAN', 'FAN', 'A computer fan is any fan inside, or attached to, a computer case used for active cooling'),
('HDD', 'HDD', 'Hard Disk Drive'),
('LIQUID COO', 'LIQUID COOLER', 'Though an All-in-One (AIO) liquid cooler is often more complex to install than a standard air cooler'),
('MAINBOARD', 'MAINBOARD', 'Mainboard'),
('PC', 'PC Gaming', 'Personal Computer Gaming'),
('PSU', 'PSU', 'Power Supply Unit'),
('RAM', 'RAM', 'Random Access Memory'),
('SSD', 'SSD', 'Solid State Drive'),
('VGA', 'VGA', 'Video Graphics Adaptor');

-- --------------------------------------------------------

--
-- Table structure for table `customer`
--

CREATE TABLE `customer` (
  `Username` varchar(20) NOT NULL,
  `Password` varchar(40) NOT NULL,
  `CustName` varchar(30) NOT NULL,
  `gender` int(11) NOT NULL,
  `Address` varchar(1000) NOT NULL,
  `telephone` varchar(50) NOT NULL,
  `email` varchar(50) NOT NULL,
  `CusDate` int(11) NOT NULL,
  `CusMonth` int(11) NOT NULL,
  `CusYear` int(11) NOT NULL,
  `SSN` varchar(10) DEFAULT NULL,
  `ActiveCode` varchar(100) NOT NULL,
  `state` int(11) NOT NULL
) ENGINE=InnoDB DEFAULT CHARSET=utf8 COLLATE=utf8_general_ci;

--
-- Dumping data for table `customer`
--

INSERT INTO `customer` (`Username`, `Password`, `CustName`, `gender`, `Address`, `telephone`, `email`, `CusDate`, `CusMonth`, `CusYear`, `SSN`, `ActiveCode`, `state`) VALUES
('KA180202', 'e10adc3949ba59abbe56e057f20f883e', 'An Nguyễn', 1, 'Quận 1', '0763230518', 'kanguyen1802@gmail.com', 18, 2, 2002, '', '', 0),
('minhnhut', '4297f44b13955235245b2497399d7a93', 'Tăng Minh Nhựt', 0, '160/43 Cô Giang Phường Cô Giang Quận 1 Thành Phố Hồ Chí Minh', '0775619418', 'tangnhut18@gmail.com', 28, 9, 2002, '', '', 1);

-- --------------------------------------------------------

--
-- Table structure for table `orders`
--

CREATE TABLE `orders` (
  `OrderID` varchar(6) NOT NULL,
  `OrderDate` datetime NOT NULL,
  `DeliveryDate` datetime NOT NULL,
  `Delivery_loca` varchar(200) NOT NULL,
  `Payment` int(11) NOT NULL,
  `username` varchar(20) NOT NULL
) ENGINE=InnoDB DEFAULT CHARSET=utf8 COLLATE=utf8_general_ci;

-- --------------------------------------------------------

--
-- Table structure for table `product`
--

CREATE TABLE `product` (
  `Product_ID` varchar(10) NOT NULL,
  `Product_Name` varchar(30) NOT NULL,
  `Price` bigint(20) NOT NULL,
  `oldPrice` decimal(12,2) NOT NULL,
  `SmallDesc` varchar(1000) NOT NULL,
  `DetailDesc` text NOT NULL,
  `ProDate` datetime NOT NULL,
  `Pro_qty` int(11) NOT NULL,
  `Pro_image` varchar(200) NOT NULL,
  `Cat_ID` varchar(10) NOT NULL
) ENGINE=InnoDB DEFAULT CHARSET=utf8 COLLATE=utf8_general_ci;

--
-- Dumping data for table `product`
--

INSERT INTO `product` (`Product_ID`, `Product_Name`, `Price`, `oldPrice`, `SmallDesc`, `DetailDesc`, `ProDate`, `Pro_qty`, `Pro_image`, `Cat_ID`) VALUES
('16RAMD4', 'Ram 16GB D4', 180, 0.00, 'G.SKILL TRIDENT Z RGB ROYAL ELITE SILVER', '<h1 class=\"a-size-large a-spacing-none\" id=\"title\" style=\"box-sizing: border-box; padding: 0px; margin-top: 0px; margin-right: 0px; margin-left: 0px; text-rendering: optimizelegibility; font-weight: 400; color: rgb(15, 17, 17); font-family: &quot;Amazon Ember&quot;, Arial, sans-serif; margin-bottom: 0px !important; font-size: 24px !important; line-height: 32px !important;\">\r\n	<span style=\"font-size:14px;\"><span class=\"a-size-large product-title-word-break\" id=\"productTitle\" style=\"box-sizing: border-box; text-rendering: optimizelegibility; word-break: break-word; line-height: 32px !important;\">G.Skill Trident Z Royal Elite Series [Silver] 32GB (2 x 16GB) DRAM DDR4 3600 (PC4-28800)&nbsp;</span>CL16-16-16-36 1.35V 16GB<span class=\"a-size-large product-title-word-break\" style=\"box-sizing: border-box; text-rendering: optimizelegibility; word-break: break-word; line-height: 32px !important;\">&nbsp;Dual Channel Desktop</span></span></h1>\r\n', '2023-05-22 10:21:29', 36, '16D4.png', 'RAM'),
('32RAMD5', 'Ram 32GB D5', 230, 0.00, 'G.SKILL TRIDENT Z5 RGB 32GB', '<p>\r\n	<span style=\"font-size:14px;\">Trident Z5 RGB DDR5-6000 CL36-36-36-96 1.35V 32GB (2x16GB) Intel XMP</span></p>\r\n', '2023-05-22 10:14:52', 23, '32D5.png', 'RAM'),
('32RAMD5+', 'Ram 32GB D5+', 440, 0.00, 'GIGABYTE AORUS RGB DDR5 32GB', '<p>\r\n	<span style=\"font-size:14px;\">AORUS RGB Memory DDR5 6000MT/s 32GB Memory Kit, XMP 3.0, Supports AORUS Memory Boost and RGB Fusion 2.0, Selected High Quality Memory ICs.</span></p>\r\n', '2023-05-22 10:10:08', 10, '32D5+.png', 'RAM'),
('4070', 'VGA 4070 Gigabyte', 820, 0.00, 'GIGABYTE AORUS GEFORCE RTX 4070 MASTER 12G', '<h1 0px=\"\" 24px=\"\" 32px=\"\" amazon=\"\" class=\"a-size-large a-spacing-none\" font-size:=\"\" id=\"title\" line-height:=\"\" margin-bottom:=\"\" style=\"box-sizing: border-box; padding: 0px; margin-top: 0px; margin-right: 0px; margin-left: 0px; text-rendering: optimizelegibility; font-weight: 400; color: rgb(15, 17, 17); font-family: \">\r\n	<span style=\"font-size:14px;\"><span class=\"a-size-large product-title-word-break\" id=\"productTitle\" style=\"box-sizing: border-box; text-rendering: optimizelegibility; word-break: break-word; line-height: 32px !important;\">Gigabyte AORUS GeForce RTX 4070 Master 12G Graphics Card, 3X WINDFORCE Fans, 12GB 192-bit GDDR6X, GV-4070AORUS M-12GD Video Card.&nbsp;</span>Powered by NVIDIA DLSS 3, ultra-efficient Ada Lovelace architechture, and full ray tracing.&nbsp;<span style=\"color: rgb(34, 34, 34); font-family: Arial, Verdana, sans-serif;\">4th Generation Tensor Cores: Up to 4x performance with DLSS 3.&nbsp;</span><span style=\"color: rgb(34, 34, 34); font-family: Arial, Verdana, sans-serif;\">3rd Generation RT Cores: Up to 2x ray tracing performance.&nbsp;</span><span style=\"color: rgb(34, 34, 34); font-family: Arial, Verdana, sans-serif;\">Powered by GeForce RTX 4070.&nbsp;</span><span style=\"color: rgb(34, 34, 34); font-family: Arial, Verdana, sans-serif;\">Integrated with 12GB GDDR6X 192-bit memory interface.&nbsp;</span><span style=\"color: rgb(34, 34, 34); font-family: Arial, Verdana, sans-serif;\">WINDFORCE Cooling System, RGB Fusion, Dual BIOS, Protection metal back plate, Anti-Sag Bracket</span></span></h1>\r\n', '2023-05-22 14:09:45', 82, '4070.png', 'VGA'),
('4070TI', 'VGA 4070Ti Asus', 1300, 0.00, 'ASUS ROG STRIX GEFORCE RTX 4070 TI OC EDITION 12G GDDR6X', '<h1 class=\"a-size-large a-spacing-none\" id=\"title\" style=\"box-sizing: border-box; padding: 0px; margin-top: 0px; margin-right: 0px; margin-left: 0px; text-rendering: optimizelegibility; font-weight: 400; color: rgb(15, 17, 17); font-family: &quot;Amazon Ember&quot;, Arial, sans-serif; margin-bottom: 0px !important; font-size: 24px !important; line-height: 32px !important;\">\r\n	<span style=\"font-size:14px;\"><span class=\"a-size-large product-title-word-break\" id=\"productTitle\" style=\"box-sizing: border-box; text-rendering: optimizelegibility; word-break: break-word; line-height: 32px !important;\">ASUS ROG Strix NVIDIA GeForce RTX&trade; 4070 Ti OC Edition Gaming Graphics Card (PCIe 4.0, 12GB GDDR6X, HDMI 2.1a, DisplayPort 1.4a)&nbsp;</span>owered by NVIDIA DLSS3, ultra-efficient Ada Lovelace arch, and full ray tracing.&nbsp;<span style=\"color: rgb(34, 34, 34); font-family: Arial, Verdana, sans-serif;\">4th Generation Tensor Cores: Up to 4x performance with DLSS 3 vs. brute-force rendering.&nbsp;</span><span style=\"color: rgb(34, 34, 34); font-family: Arial, Verdana, sans-serif;\">3rd Generation RT Cores: Up to 2X ray tracing performance.&nbsp;</span><span style=\"color: rgb(34, 34, 34); font-family: Arial, Verdana, sans-serif;\">OC mode: 2790 MHz (OC mode)/ 2760 MHz (Default mode).&nbsp;</span><span style=\"color: rgb(34, 34, 34); font-family: Arial, Verdana, sans-serif;\">Axial-tech fans scaled up for 31% more airflow.&nbsp;</span><span style=\"color: rgb(34, 34, 34); font-family: Arial, Verdana, sans-serif;\">3.15-slot design: massive fin array optimized for airflow from the three Axial-tech fans.&nbsp;</span><span style=\"color: rgb(34, 34, 34); font-family: Arial, Verdana, sans-serif;\">Diecast shroud, frame, and backplate add rigidity and are vented to further maximize airflow and heat dissipation</span></span></h1>\r\n', '2023-05-22 11:39:16', 52, '4070Ti.jpg', 'VGA'),
('4080', 'VGA 4080 Gigabyte', 1900, 0.00, 'GIGABYTE AORUS GEFORCE RTX 4080 XTREME WATERFORCE WB 16G', '<p>\r\n	<span style=\"font-size:14px;\">AORUS GeForce RTX&trade; 4080 16GB XTREME WATERFORCE WB. NVIDIA Ada Lovelace Streaming Multiprocessors: Up to 2x performance and power efficiency 4th Generation Tensor Cores: Up to 4x performance with DLSS 3 vs. brute-force rendering 3rd Generation RT Cores: Up to 2X ray tracing performance Powered by GeForce RTX&trade; 4080 16GB Integrated with 16GB GDDR6X 256-bit memory interface WATERFORCE Water Block cooling system Patented Leak detection RGB Fusion Protection metal back plate 4 Years Warranty (Online registration required) CORE CLOCK 2565 MHz (Reference Card: 2505 MHz)</span></p>\r\n', '2023-05-22 14:16:52', 38, '4080.png', 'VGA'),
('4090', 'VGA 4090 Msi', 2300, 0.00, 'MSI GEFORCE RTX 4090 SUPRIM LIQUID X 24G', '<h1 class=\"a-size-large a-spacing-none\" id=\"title\" style=\"box-sizing: border-box; padding: 0px; margin-top: 0px; margin-right: 0px; margin-left: 0px; text-rendering: optimizelegibility; font-weight: 400; color: rgb(15, 17, 17); font-family: &quot;Amazon Ember&quot;, Arial, sans-serif; margin-bottom: 0px !important; font-size: 24px !important; line-height: 32px !important;\">\r\n	<span style=\"font-size:14px;\"><span class=\"a-size-large product-title-word-break\" id=\"productTitle\" style=\"box-sizing: border-box; text-rendering: optimizelegibility; word-break: break-word; line-height: 32px !important;\">MSI Gaming GeForce RTX 4090 24GB GDRR6X 384-Bit HDMI/DP Nvlink Torx Fan 5 Ada Lovelace Architecture Liquid Cool OC Graphics Card (RTX 4090 SUPRIM Liquid X 24G.&nbsp;</span>Memory Interface: 384-bit.&nbsp;<span style=\"color: rgb(34, 34, 34); font-family: Arial, Verdana, sans-serif;\">Output: DisplayPort x 3 (v1.4a) / HDMI 2.1 x 1.&nbsp;</span><span style=\"color: rgb(34, 34, 34); font-family: Arial, Verdana, sans-serif;\">Digital maximum resolution: 7680 x 4320.</span></span></h1>\r\n', '2023-05-22 11:55:25', 23, '4090.png', 'VGA'),
('64RAMD5', 'Ram 64GB D5', 500, 0.00, 'CORSAIR DOMINATOR PLATINUM 64GB', '<h1 class=\"a-size-large a-spacing-none\" id=\"title\" style=\"box-sizing: border-box; padding: 0px; margin-top: 0px; margin-right: 0px; margin-left: 0px; text-rendering: optimizelegibility; font-weight: 400; color: rgb(15, 17, 17); font-family: &quot;Amazon Ember&quot;, Arial, sans-serif; margin-bottom: 0px !important; font-size: 24px !important; line-height: 32px !important;\">\r\n	<span style=\"font-size:14px;\"><span class=\"a-size-large product-title-word-break\" id=\"productTitle\" style=\"box-sizing: border-box; text-rendering: optimizelegibility; word-break: break-word; line-height: 32px !important;\">CORSAIR DOMINATOR PLATINUM RGB DDR5 RAM 64GB (2x32GB) 6000MHz C40-40-40-77 1.35V Intel Optimized Computer Memory(iCUE Compatible,Fast Performance, Patented DHX Cooling, Intel&reg; XMP 3.0 Profiles) Black</span></span></h1>\r\n', '2023-05-22 10:05:59', 5, '64D5.png', 'RAM'),
('8RAMD4', 'Ram 8GB D4', 44, 0.00, 'G.SKILL TRIDENT Z 1x8GB RGB 3000', '<p>\r\n	<span style=\"font-size:14px;\">Trident Z RGB DDR4-3000 CL16-18-18-38 1.35V 8GB (1x8GB)</span></p>\r\n', '2023-05-22 10:25:43', 44, '8D4.png', 'RAM'),
('ALQ', 'Asus Liquid Cooler', 440, 0.00, 'ASUS ROG RYUO III 360 ARGB', '<h1 class=\"a-size-large a-spacing-none\" id=\"title\" style=\"box-sizing: border-box; padding: 0px; margin-top: 0px; margin-right: 0px; margin-left: 0px; text-rendering: optimizelegibility; font-weight: 400; color: rgb(15, 17, 17); font-family: &quot;Amazon Ember&quot;, Arial, sans-serif; margin-bottom: 0px !important; font-size: 24px !important; line-height: 32px !important;\">\r\n	<span style=\"font-size:14px;\"><span class=\"a-size-large product-title-word-break\" id=\"productTitle\" style=\"box-sizing: border-box; text-rendering: optimizelegibility; word-break: break-word; line-height: 32px !important;\">ASUS ROG RYUO III 360 ARGB All-in-one AIO Liquid CPU Cooler 360mm Radiator, Asetek 8th gen Pump Solution, Anime Matrix&trade; LED Display and ROG AF 12S ARGB Fan.</span></span></h1>\r\n', '2023-05-22 08:58:44', 24, 'LQA.jpg', 'LIQUID COO'),
('APSU', 'Asus PSU', 240, 0.00, 'ASUS ROG THOR 850P', '<h1 class=\"a-size-large a-spacing-none\" id=\"title\" style=\"box-sizing: border-box; padding: 0px; margin-top: 0px; margin-right: 0px; margin-left: 0px; text-rendering: optimizelegibility; font-weight: 400; color: rgb(15, 17, 17); font-family: &quot;Amazon Ember&quot;, Arial, sans-serif; margin-bottom: 0px !important; font-size: 24px !important; line-height: 32px !important;\">\r\n	<span style=\"font-size:14px;\"><span class=\"a-size-large product-title-word-break\" id=\"productTitle\" style=\"box-sizing: border-box; text-rendering: optimizelegibility; word-break: break-word; line-height: 32px !important;\">ASUS ROG Thor 850W Platinum (Fully Modular Power Supply, 80+ Platinum, Lambda A++ Certified, ROG heatsinks, 135mm PWM Fan, 0dB Mode, OLED Panel, Sleeved Cables, Aura Sync, 10 Year Warranty)</span></span></h1>\r\n', '2023-05-22 09:51:17', 50, 'APSU.png', 'PSU'),
('CA', 'Case Asus', 500, 0.00, 'ASUS ROG HYPERION GR701 EATX ', '<h1 0px=\"\" 24px=\"\" 32px=\"\" amazon=\"\" class=\"a-size-large a-spacing-none\" font-size:=\"\" id=\"title\" line-height:=\"\" margin-bottom:=\"\" style=\"box-sizing: border-box; padding: 0px; margin-top: 0px; margin-right: 0px; margin-left: 0px; text-rendering: optimizelegibility; font-weight: 400; color: rgb(15, 17, 17); font-family: \">\r\n	<span style=\"font-size:14px;\"><span class=\"a-size-large product-title-word-break\" id=\"productTitle\" style=\"box-sizing: border-box; text-rendering: optimizelegibility; word-break: break-word; line-height: 32px !important;\">ASUS ROG Hyperion GR701 EATX Full-Tower Computer case with semi-Open Structure, Tool-Free Side Panels, Supports up to 2 x 420mm radiators, Built-in Graphics Card Holder,2X Front Panel Type-C</span></span></h1>\r\n', '2023-05-22 07:44:11', 50, 'CA.jpg', 'CASE'),
('CCM', 'Case Cooler Master', 1000, 0.00, 'COOLER MASTER COSMOS INFINITY 30TH ANNIVERSARY ', '<h1 class=\"a-size-large a-spacing-none\" id=\"title\" style=\"box-sizing: border-box; padding: 0px; margin-top: 0px; margin-right: 0px; margin-left: 0px; text-rendering: optimizelegibility; font-weight: 400; color: rgb(15, 17, 17); font-family: &quot;Amazon Ember&quot;, Arial, sans-serif; margin-bottom: 0px !important; font-size: 24px !important; line-height: 32px !important;\">\r\n	<span style=\"font-size:14px;\"><span class=\"a-size-large product-title-word-break\" id=\"productTitle\" style=\"box-sizing: border-box; text-rendering: optimizelegibility; word-break: break-word; line-height: 32px !important;\">Cooler Master Cosmos Infinity 30th Anniversary C700M E-ATX Full-Tower Curved Tempered Glass Panel, Riser Cable PCIe 4.0, Diverse Liquid Cooling, Type-C, Customizable ARGB (MCC-C700M-KHNN-S30)</span></span></h1>\r\n', '2023-05-22 07:39:58', 10, 'CCM.jpg', 'CASE'),
('CLC', 'Corsair Liquid Cooler', 170, 0.00, 'CORSAIR H100I ELITE CAPELLIX WHITE', '<h1 class=\"a-size-large a-spacing-none\" id=\"title\" style=\"box-sizing: border-box; padding: 0px; margin-top: 0px; margin-right: 0px; margin-left: 0px; text-rendering: optimizelegibility; font-weight: 400; color: rgb(15, 17, 17); font-family: &quot;Amazon Ember&quot;, Arial, sans-serif; margin-bottom: 0px !important; font-size: 24px !important; line-height: 32px !important;\">\r\n	<span style=\"font-size:14px;\"><span class=\"a-size-large product-title-word-break\" id=\"productTitle\" style=\"box-sizing: border-box; text-rendering: optimizelegibility; word-break: break-word; line-height: 32px !important;\">Corsair iCUE H100i Elite CAPELLIX XT Liquid CPU Cooler - Two AF120 RGB Elite Fans - 240mm Radiator - Intel&reg; LGA 1700, 1200, 115X, 2066, AMD&reg; AM5, AM4 - Included iCUE Commander CORE - White</span></span></h1>\r\n', '2023-05-22 08:54:59', 51, 'LQC.png', 'LIQUID COO'),
('CMAC', 'Air Cooling Cooler Master', 77, 0.00, 'COOLER MASTER HYPER 212 ARGB TURBO', '<div>\r\n	<span style=\"font-size:14px;\">Your PC&#39;s temperature issues can be effectively resolved with the help of the Cooler Master Hyper 212 ARGB TURBO air cooler. In addition, the layout of 4 asymmetrical heat pipes gives you more than enough room to add RAM without having to worry. For optimal heat dissipation performance and efficiency, 4 heat pipes are outfitted with the unique Direct Contact technology. Upgrade Hyper 212 ARGB TURBO&#39;s cooling fan: In comparison to the standard model, the Hyper 212 ARGB TURBO has two 120 SICKFLOW 120 ARGB cooling fans. A new fan blade design improves performance, promotes heat dissipation, optimizes airflow and stronger wind pressure, and enhances the ARGB LED experience with a variety of lovely effects. You are able to select your own color when using the RGB LED controller that is attached. Additionally, it supports the LED on the case&#39;s RESET button. Simple to install: The universal mount can work with a variety of sockets from various manufacturers, including AMD or Intel. Additionally, because to its simplistic and user-friendly design, installation is now simpler than ever.</span></div>\r\n<div>\r\n	&nbsp;</div>\r\n<div>\r\n	&nbsp;</div>\r\n', '2023-05-22 07:35:41', 7, 'ACCM.png', 'AIRCOOLING'),
('CMLC', 'Cooler Master Liquid', 100, 0.00, 'COOLER MASTER MASTER LIQUID ML240L RGB V2', '<h1 0px=\"\" 24px=\"\" 32px=\"\" amazon=\"\" class=\"a-size-large a-spacing-none\" font-size:=\"\" id=\"title\" line-height:=\"\" margin-bottom:=\"\" style=\"box-sizing: border-box; padding: 0px; margin-top: 0px; margin-right: 0px; margin-left: 0px; text-rendering: optimizelegibility; font-weight: 400; color: rgb(15, 17, 17); font-family: \">\r\n	<span style=\"font-size:14px;\"><span class=\"a-size-large product-title-word-break\" id=\"productTitle\" style=\"box-sizing: border-box; text-rendering: optimizelegibility; word-break: break-word; line-height: 32px !important;\">Cooler Master Master Liquid ML240L RGB V2, Close-Loop AIO CPU Liquid Cooler, Gen3 Dual Chamber Pump, 240mm Radiator, SickleFlow 120 PWM ARGB, AMD Ryzen AM5/AM4, Intel LGA1700/1200 (MLW-D24M-A18PC-R2)</span></span></h1>\r\n', '2023-05-22 14:17:28', 100, 'LQCM.png', 'LIQUID COO'),
('CNZXT', 'Case NZXT', 100, 0.00, 'NZXT H5 FLOW WHITE', '<h1 class=\"a-size-large a-spacing-none\" id=\"title\" style=\"box-sizing: border-box; padding: 0px; margin-top: 0px; margin-right: 0px; margin-left: 0px; text-rendering: optimizelegibility; font-weight: 400; color: rgb(15, 17, 17); font-family: &quot;Amazon Ember&quot;, Arial, sans-serif; margin-bottom: 0px !important; font-size: 24px !important; line-height: 32px !important;\">\r\n	<span style=\"font-size:14px;\"><span class=\"a-size-large product-title-word-break\" id=\"productTitle\" style=\"box-sizing: border-box; text-rendering: optimizelegibility; word-break: break-word; line-height: 32px !important;\">NZXT H5 Flow Compact ATX Mid-Tower PC Gaming Case &ndash; High Airflow Perforated Front Panel &ndash; Tempered Glass Side Panel &ndash; Cable Management &ndash; 2 x 120mm Fans Included &ndash; 280mm Radiator Support &ndash; White</span></span></h1>\r\n', '2023-05-22 07:48:03', 100, 'CNZXT.png', 'CASE'),
('CPSU', 'Corsair PSU', 500, 0.00, 'CORSAIR AX1600I', '<h1 class=\"a-size-large a-spacing-none\" id=\"title\" style=\"box-sizing: border-box; padding: 0px; margin-top: 0px; margin-right: 0px; margin-left: 0px; text-rendering: optimizelegibility; font-weight: 400; color: rgb(15, 17, 17); font-family: &quot;Amazon Ember&quot;, Arial, sans-serif; margin-bottom: 0px !important; font-size: 24px !important; line-height: 32px !important;\">\r\n	<span style=\"font-size:14px;\"><span class=\"a-size-large product-title-word-break\" id=\"productTitle\" style=\"box-sizing: border-box; text-rendering: optimizelegibility; word-break: break-word; line-height: 32px !important;\">Corsair AXi Series, AX1600i, 1600 Watt, 80+ Titanium Certified, Fully Modular - Digital Power Supply</span></span></h1>\r\n', '2023-05-22 09:53:42', 15, 'CPSU.png', 'PSU'),
('FC', 'Fan Corsair', 100, 0.00, ' CORSAIR iCUE QL140', '<h1 class=\"product_name\" style=\"box-sizing: border-box; margin: 0px; font-size: 24px; font-family: &quot;Segoe UI&quot;, Helvetica, Arial, sans-serif; font-weight: 500; line-height: 1.1; color: rgb(51, 51, 51); padding-bottom: 10px; padding-top: 10px;\">\r\n	<span style=\"font-size:14px;\">Corsair iCUE QL140 RGB 140mm White &mdash; Dual Fan Kit with Lighting Node CORE</span></h1>\r\n', '2023-05-22 08:11:38', 100, 'FC.png', 'FAN'),
('FCM', 'Fan Cooler Master', 52, 0.00, 'COOLER MASTER MASTERFAN MF120 PRISMATIC 3 IN 1', '<div>\r\n	<span style=\"font-size:14px;\">With six additional LEDs on the fan hub, there are 24 ARGB LEDs evenly distributed around the crystal ring. Maximum dispersion on the ARGB LEDs is provided by the special crystal loop design on both sides of the fan. technology for a silent driver and cooling Even when the system is under tremendous stress, the fan spins quietly thanks to the Silent Driver chip&#39;s noise-cancelling technology, which also lowers vibrations and noise levels. The bMF120 Prismatic includes a revised blade that produces a better pressure-to-air ratio (P/Q) compared to earlier generations of fans. Highly adjusted P/Q ratio for every component. Optimize the P/Q ratio for all components, even those with higher airflow priority, like the casing, radiators, and air coolers. Cooler Master MASTERFAN MF120 PRISMATIC 3 IN 1 powerful fan Performance: The MF120 Prismatic is the newest addition to the MasterFan family from Cooler Master. It has a distinctive crystal ring system on both sides and a tricolor loop ARGB LED system. The 7-blade fan produces high wind pressure at maximum airflow while operating at simultaneously smooth and gentle fan speeds thanks to the Silent Driver IC. When ARGB LEDs are certified by reliable manufacturers as being compatible with motherboards, they become even more vibrant. The performance and service life are increased by the double-layer closed design, which improves dust resistance and eliminates oil corrosion. ARGB heatsink controller You have the option to select the perfect color for you using the integrated ARGB controller. Additionally, it works with the case&#39;s RESET button to reset the LED lighting system.</span></div>\r\n<div>\r\n	&nbsp;</div>\r\n<div>\r\n	&nbsp;</div>\r\n<div>\r\n	&nbsp;</div>\r\n', '2023-05-22 08:08:39', 50, 'FCM.png', 'FAN'),
('FNZXT', 'Fan NZXT', 32, 0.00, ' NZXT AER RGB 2 WHITE', '<div>\r\n	<span style=\"font-size:14px;\">The NZXT AER RGB 2 White heatsink fan has returned with a stylish new appearance. Now, the cooling fan can be a lovely accent piece that improves the appearance of your gaming PC. Additionally, the computer case&#39;s ability to guide ventilation has been improved, ensuring air circulation. With the promise of bringing many advances and improving your computer system, AER RGB 2 was created. attractive fan design AER RGB 2 has a similar style to many other cooling fan items on the market, but stands out because to its attractive white tone, thin black borders, and RGB LED system&nbsp;make your gaming space more colorful, vivid and vibrant than ever. Compatible with HUE: The HUE 2 ecosystem and NZXT AER RGB 2 Cooling Fan are both fully compatible. It enables you to offer cutting-edge bespoke lighting options and excellent ventilation. Each LED channel can have up to five fans connected, and they can all be coordinated with the CAM to create spectacular, beautiful, and unified lighting effects. NZXT AER RGB 2 White&#39;s LED system: NZXT AER RGB 2 White features a pretty distinctive design that produces beautiful visual effects with uniform light dispersion. You may use more than one AER RGB 2 fan to create stunning resonance effects because this fan works with all NZXT RGB controllers and accessories. The radiator fan also has hydrodynamic bearings, extending its great lifespan to up to 6 years. Despite having PWM fan blades for the best cooling, their endurance is still incredibly low at only 22 dBA.</span></div>\r\n<div>\r\n	&nbsp;</div>\r\n<div>\r\n	&nbsp;</div>\r\n<div>\r\n	&nbsp;</div>\r\n', '2023-05-22 07:59:31', 32, 'FNXZT.png', 'FAN'),
('Future 12t', 'MSI MEG Aegis Ti5 12th', 4000, 0.00, 'MSI PC GAMING FUTURE', '<h1 class=\"a-size-large a-spacing-none\" id=\"title\" style=\"box-sizing: border-box; padding: 0px; margin-top: 0px; margin-right: 0px; margin-left: 0px; text-rendering: optimizelegibility; font-weight: 400; color: rgb(15, 17, 17); font-family: Arial, sans-serif; margin-bottom: 0px !important; font-size: 24px !important; line-height: 32px !important;\">\r\n	<span style=\"font-size:14px;\"><span class=\"a-size-large product-title-word-break\" id=\"productTitle\" style=\"box-sizing: border-box; text-rendering: optimizelegibility; word-break: break-word; line-height: 32px !important;\">MSI Aegis Ti5 (Full) Gaming Desktop, Intel Core i9-12900K, GeForce RTX 3080 Ti, 64GB Memory, 2TB SSD + 2TB HDD, WiFi 6E, Liquid Cooling, USB Type-C, VR-Ready, Windows 11 PRO</span></span></h1>\r\n', '2023-05-22 07:09:46', 40, 'FUTURE.png', 'PC'),
('GAAC', 'Air Cooling Gigabyte', 100, 0.00, 'AIR COOLING GIGABYTE AORUS ATC800', '<div>\r\n	<span style=\"font-size:14px;\">Traditional fan designs gave rise to an original, borderless design. fan for cooling a multi-core CPU. Smart CPU TEMP/RPM Alerts: A special CPU temperature indicator enables users to keep an eye on the CPU&#39;s temperature and change the fan speed to bring it down. The fan speed control feature also shows the fan&#39;s operational status. A completely new RGB LED design is RGB Fusion 2.0. Users can express their own style by controlling the lighting patterns on the AORUS Falcon logo and propellers using the RGB Fusion 2.0 software, which also enables lighting synchronization with peripherals.</span></div>\r\n<div>\r\n	&nbsp;</div>\r\n', '2023-05-22 07:40:43', 10, 'ACGA.png', 'AIRCOOLING'),
('GPSU', 'Gigabyte PSU', 36, 0.00, 'GIGABYTE GP-P450B ', '<h1 0px=\"\" 24px=\"\" 32px=\"\" amazon=\"\" class=\"a-size-large a-spacing-none\" font-size:=\"\" id=\"title\" line-height:=\"\" margin-bottom:=\"\" style=\"box-sizing: border-box; padding: 0px; margin-top: 0px; margin-right: 0px; margin-left: 0px; text-rendering: optimizelegibility; font-weight: 400; color: rgb(15, 17, 17); font-family: \">\r\n	<span style=\"font-size:14px;\"><span class=\"a-size-large product-title-word-break\" id=\"productTitle\" style=\"box-sizing: border-box; text-rendering: optimizelegibility; word-break: break-word; line-height: 32px !important;\">Gigabyte GP-P450B (80 Plus Bronze Certified, Quiet Fan, Active Power Protection, Power Supply)</span></span></h1>\r\n', '2023-05-22 09:43:53', 150, 'GPSU.png', 'PSU'),
('HDDS1', 'HDD Seagate 1TB', 40, 0.00, 'SEAGATE BARRACUDA 1TB 7200RPM', '<div>\r\n	<span style=\"font-size:14px;\">You may get industry-leading excellence in personal computing with the adaptable Seagate hard disk for all your computing demands.</span></div>\r\n<div>\r\n	<span style=\"font-size:14px;\">The BarraCuda family has offered the hard drive industry ultra-reliable storage for more than 20 years. BarraCuda dominates the market with the broadest selection of storage choices for PCs and has a high capacity. The Seagate Barracuda uses Advanced Power Mode to reduce energy use without compromising performance. Performance is optimized by the SATA 6Gb/s connectivity of Seagate Barracuda Hard Drives. Secure Disk Self Encryption (SED) from Seagate Security offers hardware-based data delivery models and Instant Secure Erase for drives that are rapid, secure, and simple to put to sleep. Both the NIST 800-88 media sanitization requirements and the Trusted Computing Group (TCG) Opal standard are supported by them.</span></div>\r\n<div>\r\n	&nbsp;</div>\r\n', '2023-05-22 08:35:48', 40, 'HDD1.png', 'HDD'),
('HDDS14', 'HDD Seagate 14TB', 640, 0.00, 'SEAGATE IRONWOLF PRO 14TB 7200RPM', '<div>\r\n	<span style=\"font-size:14px;\">With exceptional quality and great performance: With outstanding performance and high capacity. When upgrading your hard drive, the Seagate HDD workstation is the best option. To enhance the performance of hard drives working in RAID arrays, optimize your NAS using AgileArrayTM and fault resiliency. You can use the Seagate IronWolf Pro HDD with complete peace of mind thanks to the recovery and rescue package. With an RV sensor, performance and stability are high: RV sensors are included in Seagate IronWolf Pro HDDs 4 TB and higher in order to preserve performance in multi-bay NAS setups. Built-in RV sensors for the NAS are a common feature of IronWolf Pro drives. The high workload rates and vibrations of high data networks in NAS systems are no match for the Seagate IronWolf Pro HDD. QNAP has reviewed and approved IronWolf Pro drives. Power conservation: Smooth functioning with extremely minimum power usage to ensure long-lasting and reliable performance. Conclusion: An cheap 3.5&quot; HDD with capacities up to 14TB and sequential read and write speeds of up to 255 Mb/s ensures that all of your data is safely preserved. It also comes with a 2-year warranty for data recovery. head An HDD for users that require it to perform reliably for a long time and store a lot of data specialized for companies and users who require long-term operation and stability.</span></div>\r\n<div>\r\n	&nbsp;</div>\r\n<div>\r\n	&nbsp;</div>\r\n<div>\r\n	&nbsp;</div>\r\n', '2023-05-22 08:21:05', 6, 'HDD14.png', 'HDD'),
('HDDS2', 'HDD Seagate 2TB', 100, 0.00, 'SEAGATE IRONWOLF 2TB 5900RPM', '<div>\r\n	<span style=\"font-size:14px;\">Utilize AgileArray to NAS-optimize. AgileArray offers the most sophisticated power management, enabling two-plane balancing and RAID optimization in multi-bay environments. Utilize IronWolf Health Management, which focuses on prevention, intervention, and recovery, to actively defend your NAS. Impressive Performance: In NAS applications, high performance means minimal lag or downtime for users. With its selection of extremely effective NAS hard drives, Seagate outperforms the competition. Sensor for rotary vibration (RV). In order to ensure good performance in multi-drive NAS enclosures, this hard drive is the first in its class to feature RV sensors. Budget-friendly: The maximum capacity is 16 TB. There are more options to match budgets with more capacity possibilities. For any NAS usage scenario, Seagate provides a scalable solution. In a multi-user setting, accomplish more. A 180 TB/year workload rate is provided by IronWolf. With the knowledge that IronWolf can manage the workload, whether you&#39;re a small business creative pro, many users may confidently upload and download data to the NAS server. Designed for 24/7 availability and always-on performance. Access your NAS&#39;s data at any moment, either locally or remotely. The 3-year limited warranty with a 1-hour MTBF improves total cost of ownership (TCO) for desktop hard drives while requiring less upkeep.</span></div>\r\n<div>\r\n	&nbsp;</div>\r\n<div>\r\n	&nbsp;</div>\r\n', '2023-05-22 08:32:56', 20, 'HDD2.png', 'HDD'),
('HDDS4', 'HDD Seagate 4TB', 180, 0.00, 'SEAGATE FIRECUDA HDD 4TB', '<div>\r\n	<span style=\"font-size:14px;\">With the FireCuda series storage, the Seagate FireCuda 4TB HDD provides the performance potential to build the gaming PC of your dreams. To improve PC performance, Seagate FireCud offers huge capacity, quick rotation, and a large cache. 4TB Seagate FireCuda storage: It is simple to use because the enormous 4TB Seagate FireCuda hard drive capacity means you won&#39;t have to worry about deleting programs or applications to preserve computer performance. Cache memory can be as large as 256MB, which is outstanding for quick file access, quick application loading, and new levels of performance. Impressive processing speed: When compared to earlier HDDs, the Seagate FireCuda 4TB excels in users&#39; eyes because to its incredibly quick data access and processing speed, which is 7200 rpm with a normal SATA 3 connection. The hard drive with CMR writing technology, which has steady endurance and faster data read and write speeds, contributes to this in part by helping to improve the user experience. Convenient system upgrade: For optimum performance, combine two FireCuda HDDs and FireCuda SSDs. This will give you a powerful gaming PC without breaking the bank. Through Seagate DiscWizard software, the Seagate FireCuda 4TB also supports easily copying and relocating data from outdated drives as well as creating and reformatting partitions for increased protection.</span></div>\r\n<div>\r\n	&nbsp;</div>\r\n<div>\r\n	&nbsp;</div>\r\n<div>\r\n	&nbsp;</div>\r\n', '2023-05-22 08:27:20', 18, 'HDD4.jpg', 'HDD'),
('High 13th', 'MSI Infinite RS 13th', 3850, 0.00, 'MSI PC GAMING HIGH ', '<p>\r\n	<span style=\"font-size:14px;\">Intel 13th Gen Core i7-13700KF &amp; 360mm Liquid Cooling, RTX 4090 GAMING TRIO (24GB) GDDR6, 32GB DDR5 4800MHz Memory, 2TB PCIe NVMe SSD, Win 11 Pro, Keyboard &amp; Mouse Included</span></p>\r\n', '2023-05-22 07:10:56', 38, 'HIGH.png', 'PC'),
('I3', 'Intel Core i3 13100', 100, 0.00, 'Intel Core i3 13100 / 3.4GHz Turbo 4.5GHz / 4 Cores 8 Threads / 12MB / LGA 1700', '<div>\r\n	The i3-12100 and 12100F have proven their excellence in the need to construct low-cost Gaming PCs as the &quot;hegemonic&quot; in the low-cost CPU category. And with the i3-13100, Intel Gen 13 continues to produce excellent CPUs for gamers. Does something &quot;hide&quot; inside that tiny form on this CPU? Let&#39;s research this using SGCOM! Ability to adjust to different needs: With the ability to &quot;weigh&quot; all of the common requirements for PC gaming today, the i3-13100, which is part of the most powerful Raptor Lake generation currently available, will be an improvement over its predecessor. The i3-13100 is a very wise choice when designing a PC because it has a maximum turbo speed of 4.5GHz and 4 cores and 8 threads, albeit these numbers do not demonstrate the whole potential. With these capabilities, the i3-13100 competently manages all entertainment duties, including playing AAA games and Esports titles at the proper settings. Intel UHD 730 integrated graphics core for easy tasks: The i3-13100 includes Intel UHD 730 integrated graphics core to supplement graphics processing capabilities when paired with VGAs. With AMD CPUs, specifically the Ryzen 7000 Series generation, the i3-13100 chip becomes a potent &quot;competitor&quot; in the low-cost processor market.</div>\r\n<div>\r\n	&nbsp;</div>\r\n<div>\r\n	&nbsp;</div>\r\n<div>\r\n	&nbsp;</div>\r\n', '2023-05-22 06:55:33', 10, 'I3.png', 'CPU'),
('I5', 'Intel Core I5 13600K', 320, 0.00, 'Intel Core I5 13600K / 3.5GHz Turbo 5.1GHz / 14 Cores 20 Threads / 24MB / LGA 1700', '<p>\r\n	The 13th generation Intel CPU is the Core i5 13600K. The i5 13600K, a late-child that runs on Socket LGA 1700, is preferred because it uses a new architecture and performs better than goods from earlier generations. If you want to create the best gaming PC available right now, the Intel Core i5 13600K is a fantastic option. It will be appropriate for high-end gadgets, streaming services, games, or professional software use because to its high multiplier, thread count, and clock speed. Upgrades to the Intel Core i5 13600K include: There are a total of 14 cores in the Intel Core i5 13600K, comprising 8 E-core cores based on the Grace Mont architecture and 6 P-core cores based on the Raptor Cove design.Although the E-Core on the i5 13600K is doubled, the P-Core count is still comparable to that of the Intel Core i5-12600K. A base clock frequency of 3.5 GHz and a maximum boost frequency of 5.1 GHz are shared by the P-Core cores and 2.6 GHz and 2.6 GHz, respectively, are shared by the E-Core cores. The top speed is 3.9 GHz. Additionally, the i5 13600K has a 44MB total cache that is made up of 24MB of L3 cache and 20MB of L2 cache.&nbsp;Improved cache: The Intel Core i5 13600K also demonstrates its better power in real-time gaming performance tests, outperforming its predecessor with 6% more performance and an FPS factor that is 12.4% higher than the industry average across a range of games from AAA blockbusters to e-sports.</p>\r\n', '2023-05-22 06:50:39', 32, 'I5.png', 'CPU'),
('I7', 'Intel Core I7 13700K', 400, 0.00, 'Intel Core i7 13700K / 3.4GHz Turbo 5.4GHz / 16 Cores 24 Threads / 30MB / LGA 1700', '<p>\r\n	One of the first high-performance CPUs from Intel Gen 13 is the Core i7 13700K. The Intel Core i7 13700K will provide outstanding performance to those objects that need high performance to balance above-average game jobs and graphics tasks because it is packed with a brand-new architecture and improved features. You should not overlook this as the very last decision factor when building a powerful gaming PC.High processing power: The newest member of the Core i7 Alder Lake-S family is the Intel Core i7 13700K CPU. This CPU supports DDR4 and DDR5 memory in socket 1700. The performance of the 13th generation Intel Core i7 has significantly improved thanks to Intel Hyper-Threading, with up to 24 threads, 30MB of cache, and a default clock speed of 3.4GHz. However, it can reach up to 5.4GHz depending on the workload.A better experience with the Intel Core i7 13700K is possible because to the 10nm manufacturing technology used by Intel. Additionally, the GPU&#39;s unlocked multiplier can be changed at will. This makes overclocking easier. So, selecting any overclocked frequency is simple. The processor also includes VGA UHD Graphics 770, an integrated graphics solution that enhances visibility and the user experience.Excellent memory support: The CPU product&#39;s TDP is 125W, which is a large amount of power consumption. So a good heat dissipation system is unquestionably required. Users can update for a better experience with the proper overclocking and memory modules. If you desire a contemporary, high-performance PC, the Intel Core i7 13700K CPU will unquestionably be the most valuable component to possess.</p>\r\n', '2023-05-22 06:36:32', 40, 'I7.png', 'CPU'),
('I9', 'Intel Core i9 13900KS', 700, 0.00, 'Intel Core I9 13900KS / 3.2GHz Turbo 6.0GHz / 24 Cores 32 Threads / 36MB / LGA 1700', '<h1 class=\"product_name\" color:=\"\" font-weight:=\"\" line-height:=\"\" padding-bottom:=\"\" padding-top:=\"\" segoe=\"\" style=\"box-sizing: border-box; margin: 0px; font-size: 24px; font-family: \">\r\n	&nbsp;</h1>\r\n<div>\r\n	<span style=\"font-size:14px;\">An in-depth analysis of the Intel Core i9 13900KS CPU The Intel Gen 13 product series, known as the generation of CPUs that have numerous cutting-edge technologies to go along with potent visual cards, is continually evolving. And it features the high-end Intel Core i9 processor series, including the most recent special edition, the i9-13900KS. Here, with SGCOM, let&#39;s find out! Absolute power: The i9-13900KS, a member of the high-end Intel Core i9 family, is outfitted with the most potent performance benchmarks of its generation. The i9-13900KS performs flawlessly for all user needs with to its 24 cores, 32 threads, and maximum clock speed of 6.0GHz. On the desktop, the efficiency-cores and performance-cores of the cores and threads themselves help to optimize all tasks while streamlining workflows.&nbsp;A great power deserves to be accompanied by the most cutting-edge technological components available today. The most efficient mining and power support components available today are compatible and fully supported by the i9-13900KS. High-end chipsets like the Z690 and Z790 will be available for the mainboard&#39;s LGA 1700 socket. And the most recent DDR5 RAM generation makes it impossible to get around RAM&#39;s capacity for multitasking. The i9-13900KS requires an extremely potent PSU with a capacity of 750W or more to reach the maximum power consumption, not including the power supply for the &quot;ultimate weapon&quot; from Intel, which has a power consumption of 150W. video card with many powers. Real gaming &quot;machines&quot; can be created from PC gaming systems.</span></div>\r\n<div>\r\n	<div>\r\n		<div>\r\n			&nbsp;</div>\r\n	</div>\r\n</div>\r\n<p>\r\n	&nbsp;</p>\r\n', '2023-05-22 06:44:58', 70, 'I9.png', 'CPU'),
('MAI3', 'Mainboard For I3', 135, 0.00, 'ASUS PRIME H610M-CS D4', '<h1 0px=\"\" 24px=\"\" 32px=\"\" amazon=\"\" class=\"a-size-large a-spacing-none\" font-size:=\"\" id=\"title\" line-height:=\"\" margin-bottom:=\"\" style=\"box-sizing: border-box; padding: 0px; margin-top: 0px; margin-right: 0px; margin-left: 0px; text-rendering: optimizelegibility; font-weight: 400; color: rgb(15, 17, 17); font-family: \">\r\n	<span style=\"font-size:14px;\"><span class=\"a-size-large product-title-word-break\" id=\"productTitle\" style=\"box-sizing: border-box; text-rendering: optimizelegibility; word-break: break-word; line-height: 32px !important;\">ASUS Prime B660M-A D4 LGA 1700(Intel 12th Gen) mATX Motherboard (PCIe 4.0, DDR4,2xM.2 Slots, 1Gb LAN,&nbsp; DP,2 x HDMI, Rear USB 3.2 Gen 2, Front USB 3.2 Gen 1 Type-C, Aura Sync)</span></span></h1>\r\n', '2023-05-22 09:13:56', 70, 'MAINI3.png', 'MAINBOARD'),
('MAI5', 'Mainboard For I5', 270, 0.00, 'ASUS ROG STRIX B760-F GAMING WIFI', '<h1 0px=\"\" 24px=\"\" 32px=\"\" amazon=\"\" class=\"a-size-large a-spacing-none\" font-size:=\"\" id=\"title\" line-height:=\"\" margin-bottom:=\"\" style=\"box-sizing: border-box; padding: 0px; margin-top: 0px; margin-right: 0px; margin-left: 0px; text-rendering: optimizelegibility; font-weight: 400; color: rgb(15, 17, 17); font-family: \">\r\n	<span style=\"font-size:14px;\"><span class=\"a-size-large product-title-word-break\" id=\"productTitle\" style=\"box-sizing: border-box; text-rendering: optimizelegibility; word-break: break-word; line-height: 32px !important;\">ASUS ROG Strix B760-F Gaming WiFi Intel&reg; B760(13th and 12th Gen) LGA 1700 ATX Motherboard,16 + 1 Power Stages,DDR5 up to 7800 MT/s,PCIe 5.0,3xM.2 Slots,WiFi 6E,USB 3.2 Gen 2x2 Type-C&reg;,Aura Sync RGB</span></span></h1>\r\n', '2023-05-22 09:14:08', 72, 'MAINI5.jpg', 'MAINBOARD'),
('MAI7', 'Mainboard For I7', 380, 0.00, 'MSI MPG Z790 EDGE WIFI', '<h1 class=\"a-size-large a-spacing-none\" id=\"title\" style=\"box-sizing: border-box; padding: 0px; margin-top: 0px; margin-right: 0px; margin-left: 0px; text-rendering: optimizelegibility; font-weight: 400; color: rgb(15, 17, 17); font-family: &quot;Amazon Ember&quot;, Arial, sans-serif; margin-bottom: 0px !important; font-size: 24px !important; line-height: 32px !important;\">\r\n	<span style=\"font-size:14px;\"><span class=\"a-size-large product-title-word-break\" id=\"productTitle\" style=\"box-sizing: border-box; text-rendering: optimizelegibility; word-break: break-word; line-height: 32px !important;\">MSI MPG Z790 Edge WiFi Gaming Motherboard (Supports 12th/13th Gen Intel Processors, LGA 1700, DDR5, PCIe 5.0, M.2, 2.5Gbps LAN, USB 3.2 Gen2, Wi-Fi 6E, ATX)</span></span></h1>\r\n', '2023-05-22 09:15:19', 38, 'MAINI7.png', 'MAINBOARD'),
('MAI9', 'Mainboard For I9', 1200, 0.00, 'GIGABYTE Z790 AORUS XTREME DDR5', '<h1 class=\"a-size-large a-spacing-none\" id=\"title\" style=\"box-sizing: border-box; padding: 0px; margin-top: 0px; margin-right: 0px; margin-left: 0px; text-rendering: optimizelegibility; font-weight: 400; color: rgb(15, 17, 17); font-family: &quot;Amazon Ember&quot;, Arial, sans-serif; margin-bottom: 0px !important; font-size: 24px !important; line-height: 32px !important;\">\r\n	<span style=\"font-size:14px;\"><span class=\"a-size-large product-title-word-break\" id=\"productTitle\" style=\"box-sizing: border-box; text-rendering: optimizelegibility; word-break: break-word; line-height: 32px !important;\">GIGABYTE Z790 AORUS Xtreme (LGA 1700/ Intel Z790/ EATX/ DDR5/ M.2/ PCIe 5.0/ USB 3.2 Gen2X2 Type-C/Intel WiFi 6E/ Marvell AQtion 10GbE LAN/Q-Flash Plus/EZ-Latch Plus/Gaming Motherboard)</span></span></h1>\r\n', '2023-05-22 09:17:27', 12, 'MAINI9.png', 'MAINBOARD'),
('NAC', 'Air Cooling Noctua', 130, 0.00, 'NOCTUA NH-U12 CHROMAX BLACK', '<div>\r\n	<span style=\"font-size:14px;\">In order to enhance performance and lengthen the lifespan of the CPU, CPU coolers were developed. One particularly well-known name in the technology industry is Noctua. elements of a heatsink. The Noctua NH-U12A Chromax Black heatsink is what SGCOM will be introducing to you today, so check it out below! robust construction: The Noctua NH-U12A Chromax Black heatsink features a highly robust and enigmatic full black coat, giving it a really cool appearance. This will provide another decorative touch to the computer casing of gamers who enjoy this deep hue. Maximum heat dissipation performance is provided by the Noctua NH-U12A Chromax Black, which combines two 120mm NF-A12 fans with seven heatsinks that both increase heat dissipation and increase CPU contact surface area. This combination results in operating temperatures that are most suitable for the device while maintaining maximum performance. Even though it has strong heat dissipation capabilities, the Noctua NH-U12A Chromax Black offers noise reduction technology and operates intelligently based on CPU temperature to provide a fantastic user experience. High compatibility: Users have the choice to select a processor for their PC gaming setup thanks to the Noctua NH-U12A Chromax Black air cooler&#39;s compatibility with the newest sockets available today, such as LGA 1700, LGA 1200, AMD AM4, etc. The Noctua NH-U12A Chromax Black&#39;s standing portion is 158mm height, making it ideal for mid-tower and high-end computer cases. The Noctua NH-U12A Chromax Black has a 125mm heatsink and is ideally suited for ATX and Micro-ATX mainboards as well as multi-video card configurations.</span></div>\r\n<div>\r\n	&nbsp;</div>\r\n<div>\r\n	<div>\r\n		&nbsp;</div>\r\n</div>\r\n<p>\r\n	&nbsp;</p>\r\n', '2023-05-22 14:09:31', 13, 'ACN.png', 'AIRCOOLING'),
('Normal 12t', 'MSI Codex R 12th', 1400, 0.00, 'MSI PC GAMING NORMAL', '<h1 0px=\"\" 24px=\"\" 32px=\"\" amazon=\"\" class=\"a-size-large a-spacing-none\" font-size:=\"\" id=\"title\" line-height:=\"\" margin-bottom:=\"\" style=\"box-sizing: border-box; padding: 0px; margin-top: 0px; margin-right: 0px; margin-left: 0px; text-rendering: optimizelegibility; font-weight: 400; color: rgb(15, 17, 17); font-family: \">\r\n	<span style=\"font-size:14px;\"><span class=\"a-size-large product-title-word-break\" id=\"productTitle\" style=\"box-sizing: border-box; text-rendering: optimizelegibility; word-break: break-word; line-height: 32px !important;\">MSI Codex R (Tower) Gaming Desktop, Intel Core i5-12400F, GeForce RTX 3050, 16GB Memory (Dual-CHL), 1TB SSD, WiFi 6, USB Type-C, VR-Ready, Windows 11 Home (12TH-053US)</span></span></h1>\r\n', '2023-05-22 07:09:58', 14, 'NORMAL.png', 'PC'),
('NPSU', 'NZXT PSU', 64, 0.00, 'NZXT C650W', '<h1 class=\"css-4kh4rf\" style=\"box-sizing: border-box; margin-top: 0px; margin-bottom: 0.5rem; font-weight: 500; line-height: 1.33; font-size: 24px; color: rgb(51, 51, 51); font-family: Roboto, sans-serif;\">\r\n	<span style=\"font-size:14px;\">NZXT C650W BRONZE - 650W - 80 Plus Bronze - Semi Modular (PA-6B1BB-EU)</span></h1>\r\n', '2023-05-22 09:47:45', 100, 'NZXTPSU.png', 'PSU'),
('NZXTLC', 'NZXT Liquid Cooler', 320, 0.00, 'NZXT KRAKEN Z63 RGB 280MM', '<h1 class=\"a-size-large a-spacing-none\" id=\"title\" style=\"box-sizing: border-box; padding: 0px; margin-top: 0px; margin-right: 0px; margin-left: 0px; text-rendering: optimizelegibility; font-weight: 400; color: rgb(15, 17, 17); font-family: &quot;Amazon Ember&quot;, Arial, sans-serif; margin-bottom: 0px !important; font-size: 24px !important; line-height: 32px !important;\">\r\n	<span style=\"font-size:14px;\"><span class=\"a-size-large product-title-word-break\" id=\"productTitle\" style=\"box-sizing: border-box; text-rendering: optimizelegibility; word-break: break-word; line-height: 32px !important;\">NZXT Kraken Z63 RGB 280mm - RL-KRZ63-RW - AIO RGB CPU Liquid Cooler - Customizable LCD Display - Improved Pump - Powered by CAM V4 - RGB Connector - Aer RGB 2 140mm Radiator Fans (2 Included) - White</span></span></h1>\r\n', '2023-05-22 08:57:21', 32, 'LQNZXT.png', 'LIQUID COO'),
('SSD1TB', 'SSD 1TB', 170, 0.00, 'MSI SPATIUM M480 1TB M.2 NVME 4.0', '<h1 class=\"a-size-large a-spacing-none\" id=\"title\" style=\"box-sizing: border-box; padding: 0px; margin-top: 0px; margin-right: 0px; margin-left: 0px; text-rendering: optimizelegibility; font-weight: 400; color: rgb(15, 17, 17); font-family: &quot;Amazon Ember&quot;, Arial, sans-serif; margin-bottom: 0px !important; font-size: 24px !important; line-height: 32px !important;\">\r\n	<span style=\"font-size:14px;\"><span class=\"a-size-large product-title-word-break\" id=\"productTitle\" style=\"box-sizing: border-box; text-rendering: optimizelegibility; word-break: break-word; line-height: 32px !important;\">MSI SPATIUM M480 PCIe 4.0 NVMe M.2 1TB Play Internal SSD PCIe Gen4 NVMe&nbsp;&nbsp;</span>Sequential Read speeds up to 5000MB/s and Write speeds up to 4400MB/s&nbsp;<span style=\"color: rgb(34, 34, 34); font-family: Arial, Verdana, sans-serif;\">Up to 3300 TBW</span></span></h1>\r\n', '2023-05-22 11:13:04', 140, '1TBSSD.jpg', 'SSD'),
('SSD256', 'SSD 256GB', 32, 0.00, 'GIGABYTE NVME 256GB', '<h1 class=\"a-size-large a-spacing-none\" id=\"title\" style=\"box-sizing: border-box; padding: 0px; margin-top: 0px; margin-right: 0px; margin-left: 0px; text-rendering: optimizelegibility; font-weight: 400; color: rgb(15, 17, 17); font-family: &quot;Amazon Ember&quot;, Arial, sans-serif; margin-bottom: 0px !important; font-size: 24px !important; line-height: 32px !important;\">\r\n	<span style=\"font-size:14px;\"><span class=\"a-size-large product-title-word-break\" id=\"productTitle\" style=\"box-sizing: border-box; text-rendering: optimizelegibility; word-break: break-word; line-height: 32px !important;\">Gigabyte NVMe 256GB M.2 Solid State Drive GP-GSM2NE3256GNTD</span></span></h1>\r\n', '2023-05-22 10:45:59', 200, '256SSD.png', 'SSD'),
('SSD2TB', 'SSD 2TB', 480, 0.00, 'GIGABYTE AORUS 5.0 10000 2TB', '<p>\r\n	<span style=\"font-size:14px;\">GIGABYTE AORUS 10000 2TB PCIe 5.0x4, NVMe 2.0 Interface + Sequential Read Speed : up to 10,000MB/s Sequential Write speed : up to 9,500MB/s + DDR4 DRAM cache + 8 CH with 32 CEs + Offer with an optional M.2 Thermal Guard XTREME with Nanocarbon Coating</span></p>\r\n', '2023-05-22 11:15:40', 100, '2TBSSD.png', 'SSD'),
('SSD512', 'SSD 512GB', 80, 0.00, 'GIGABYTE AORUS RGB M.2 NVME 512GB', '<h1 class=\"a-size-large a-spacing-none\" id=\"title\" style=\"box-sizing: border-box; padding: 0px; margin-top: 0px; margin-right: 0px; margin-left: 0px; text-rendering: optimizelegibility; font-weight: 400; color: rgb(15, 17, 17); font-family: &quot;Amazon Ember&quot;, Arial, sans-serif; margin-bottom: 0px !important; font-size: 24px !important; line-height: 32px !important;\">\r\n	<span style=\"font-size:14px;\"><span class=\"a-size-large product-title-word-break\" id=\"productTitle\" style=\"box-sizing: border-box; text-rendering: optimizelegibility; word-break: break-word; line-height: 32px !important;\">AORUS RGB NVMe M.2 512GB High Performance Gaming, Integrated Heatsink, Toshiba 3D NAND, DDR Cache Buffer, 5 Year Warranty</span></span></h1>\r\n', '2023-05-22 10:51:47', 180, '512SSD.png', 'SSD');

--
-- Indexes for dumped tables
--

--
-- Indexes for table `category`
--
ALTER TABLE `category`
  ADD PRIMARY KEY (`Cat_ID`);

--
-- Indexes for table `customer`
--
ALTER TABLE `customer`
  ADD PRIMARY KEY (`Username`);

--
-- Indexes for table `orders`
--
ALTER TABLE `orders`
  ADD PRIMARY KEY (`OrderID`),
  ADD KEY `username` (`username`);

--
-- Indexes for table `product`
--
ALTER TABLE `product`
  ADD PRIMARY KEY (`Product_ID`),
  ADD KEY `Cat_ID` (`Cat_ID`);

--
-- Constraints for dumped tables
--

--
-- Constraints for table `orders`
--
ALTER TABLE `orders`
  ADD CONSTRAINT `orders_ibfk_1` FOREIGN KEY (`username`) REFERENCES `customer` (`Username`);

--
-- Constraints for table `product`
--
ALTER TABLE `product`
  ADD CONSTRAINT `product_ibfk_1` FOREIGN KEY (`Cat_ID`) REFERENCES `category` (`Cat_ID`) ON DELETE CASCADE ON UPDATE CASCADE;
COMMIT;

/*!40101 SET CHARACTER_SET_CLIENT=@OLD_CHARACTER_SET_CLIENT */;
/*!40101 SET CHARACTER_SET_RESULTS=@OLD_CHARACTER_SET_RESULTS */;
/*!40101 SET COLLATION_CONNECTION=@OLD_COLLATION_CONNECTION */;
